Name,Constituency,Born"Abbott, Ms Diane (Labour)",Hackney North and Stoke Newington,"Paddington, London""Abrahams, Debbie (Labour)",Oldham East and Saddleworth,Sheffield"Adams, Nigel (Conservative)",Selby and Ainsty,"Goole, Yorkshire""Afriyie, Adam (Conservative)",Windsor,"Wimbledon, London""Ahmed-Sheikh, Ms Tasmina (Scottish National Party)",Ochil and South Perthshire,NA"Aldous, Peter (Conservative)",Waveney,NA"Alexander, Heidi (Labour)",Lewisham East,NA"Ali, Rushanara (Labour)",Bethnal Green and Bow,NA"Allan, Lucy (Conservative)",Telford,NA"Allen, Mr Graham (Labour)",Nottingham North,NA"Allen, Heidi (Conservative)",South Cambridgeshire,NA"Allin-Khan, Dr Rosena (Labour)",Tooting,NA"Amess, Sir David (Conservative)",Southend West,NA"Anderson, Mr David (Labour)",Blaydon,NA"Andrew, Stuart (Conservative)",Pudsey,NA"Ansell, Caroline (Conservative)",Eastbourne,NA"Argar, Edward (Conservative)",Charnwood,NA"Arkless, Richard (Scottish National Party)",Dumfries and Galloway,NA"Ashworth, Jonathan (Labour (Co-op))",Leicester South,NA"Atkins, Victoria (Conservative)",Louth and Horncastle,NA"Austin, Ian (Labour)",Dudley North,NA"Bacon, Mr Richard (Conservative)",South Norfolk,NA"Bailey, Mr Adrian (Labour (Co-op))",West Bromwich West,NA"Baker, Mr Steve (Conservative)",Wycombe,NA"Baldwin, Harriett (Conservative)",West Worcestershire,NA"Barclay, Stephen (Conservative)",North East Cambridgeshire,NA"Bardell, Hannah (Scottish National Party)",Livingston,NA"Baron, Mr John (Conservative)",Basildon and Billericay,NA"Barron, Sir Kevin (Labour)",Rother Valley,NA"Barwell, Gavin (Conservative)",Croydon Central,NA"Bebb, Guto (Conservative)",Aberconwy,NA"Beckett, Margaret (Labour)",Derby South,NA"Bellingham, Sir Henry (Conservative)",North West Norfolk,NA"Benn, Hilary (Labour)",Leeds Central,NA"Benyon, Richard (Conservative)",Newbury,NA"Bercow, John (Speaker)",Buckingham,NA"Beresford, Sir Paul (Conservative)",Mole Valley,NA"Berger, Luciana (Labour (Co-op))","Liverpool, Wavertree",NA"Berry, Jake (Conservative)",Rossendale and Darwen,NA"Berry, James (Conservative)",Kingston and Surbiton,NA"Betts, Mr Clive (Labour)",Sheffield South East,NA"Bingham, Andrew (Conservative)",High Peak,NA"Black, Mhairi (Scottish National Party)",Paisley and Renfrewshire South,NA"Blackford, Ian (Scottish National Party)","Ross, Skye and Lochaber",NA"Blackman, Bob (Conservative)",Harrow East,NA"Blackman, Kirsty (Scottish National Party)",Aberdeen North,NA"Blackman-Woods, Dr Roberta (Labour)",City of Durham,NA"Blackwood, Nicola (Conservative)",Oxford West and Abingdon,NA"Blenkinsop, Tom (Labour)",Middlesbrough South and East Cleveland,NA"Blomfield, Paul (Labour)",Sheffield Central,NA"Blunt, Crispin (Conservative)",Reigate,NA"Boles, Nick (Conservative)",Grantham and Stamford,NA"Bone, Mr Peter (Conservative)",Wellingborough,NA"Borwick, Victoria (Conservative)",Kensington,NA"Boswell, Philip (Scottish National Party)","Coatbridge, Chryston and Bellshill",NA"Bottomley, Sir Peter (Conservative)",Worthing West,NA"Brabin, Tracy (Labour)",Batley and Spen,NA"Bradley, Karen (Conservative)",Staffordshire Moorlands,NA"Bradshaw, Mr Ben (Labour)",Exeter,NA"Brady, Mr Graham (Conservative)",Altrincham and Sale West,NA"Brady, Mickey (Sinn Fein)",Newry and Armagh,NA"Brake, Tom (Liberal Democrat)",Carshalton and Wallington,NA"Brazier, Sir Julian (Conservative)",Canterbury,NA"Brennan, Kevin (Labour)",Cardiff West,NA"Bridgen, Andrew (Conservative)",North West Leicestershire,NA"Brine, Steve (Conservative)",Winchester,NA"Brock, Deidre (Scottish National Party)",Edinburgh North and Leith,NA"Brokenshire, James (Conservative)",Old Bexley and Sidcup,NA"Brown, Alan (Scottish National Party)",Kilmarnock and Loudoun,NA"Brown, Lyn (Labour)",West Ham,NA"Brown, Mr Nicholas (Labour)",Newcastle upon Tyne East,NA"Bruce, Fiona (Conservative)",Congleton,NA"Bryant, Chris (Labour)",Rhondda,NA"Buck, Ms Karen (Labour)",Westminster North,NA"Buckland, Robert (Conservative)",South Swindon,NA"Burden, Richard (Labour)","Birmingham, Northfield",NA"Burgon, Richard (Labour)",Leeds East,NA"Burnham, Andy (Labour)",Leigh,NA"Burns, Conor (Conservative)",Bournemouth West,NA"Burns, Sir Simon (Conservative)",Chelmsford,NA"Burrowes, Mr David (Conservative)","Enfield, Southgate",NA"Burt, Alistair (Conservative)",North East Bedfordshire,NA"Butler, Dawn (Labour)",Brent Central,NA"Byrne, Liam (Labour)","Birmingham, Hodge Hill",NA"Cadbury, Ruth (Labour)",Brentford and Isleworth,NA"Cairns, Alun (Conservative)",Vale of Glamorgan,NA"Cameron, Dr Lisa (Scottish National Party)","East Kilbride, Strathaven and Lesmahagow",NA"Campbell, Mr Alan (Labour)",Tynemouth,NA"Campbell, Mr Gregory (Democratic Unionist Party)",East Londonderry,NA"Campbell, Mr Ronnie (Labour)",Blyth Valley,NA"Carmichael, Mr Alistair (Liberal Democrat)",Orkney and Shetland,NA"Carmichael, Neil (Conservative)",Stroud,NA"Carswell, Mr Douglas (Independent)",Clacton,NA"Cartlidge, James (Conservative)",South Suffolk,NA"Cash, Sir William (Conservative)",Stone,NA"Caulfield, Maria (Conservative)",Lewes,NA"Chalk, Alex (Conservative)",Cheltenham,NA"Champion, Sarah (Labour)",Rotherham,NA"Chapman, Douglas (Scottish National Party)",Dunfermline and West Fife,NA"Chapman, Jenny (Labour)",Darlington,NA"Cherry, Joanna (Scottish National Party)",Edinburgh South West,NA"Chishti, Rehman (Conservative)",Gillingham and Rainham,NA"Chope, Mr Christopher (Conservative)",Christchurch,NA"Churchill, Jo (Conservative)",Bury St Edmunds,NA"Clark, Greg (Conservative)",Tunbridge Wells,NA"Clarke, Mr Kenneth (Conservative)",Rushcliffe,NA"Clegg, Mr Nick (Liberal Democrat)","Sheffield, Hallam",NA"Cleverly, James (Conservative)",Braintree,NA"Clifton-Brown, Geoffrey (Conservative)",The Cotswolds,NA"Clwyd, Ann (Labour)",Cynon Valley,NA"Coaker, Vernon (Labour)",Gedling,NA"Coffey, Ann (Labour)",Stockport,NA"Coffey, Dr Therese (Conservative)",Suffolk Coastal,NA"Collins, Damian (Conservative)",Folkestone and Hythe,NA"Colvile, Oliver (Conservative)","Plymouth, Sutton and Devonport",NA"Cooper, Julie (Labour)",Burnley,NA"Cooper, Rosie (Labour)",West Lancashire,NA"Cooper, Yvette (Labour)","Normanton, Pontefract and Castleford",NA"Corbyn, Jeremy (Labour)",Islington North,NA"Costa, Alberto (Conservative)",South Leicestershire,NA"Courts, Robert (Conservative)",Witney,NA"Cowan, Ronnie (Scottish National Party)",Inverclyde,NA"Cox, Mr Geoffrey (Conservative)",Torridge and West Devon,NA"Coyle, Neil (Labour)",Bermondsey and Old Southwark,NA"Crabb, Stephen (Conservative)",Preseli Pembrokeshire,NA"Crausby, Sir David (Labour)",Bolton North East,NA"Crawley, Angela (Scottish National Party)",Lanark and Hamilton East,NA"Creagh, Mary (Labour)",Wakefield,NA"Creasy, Stella (Labour (Co-op))",Walthamstow,NA"Crouch, Tracey (Conservative)",Chatham and Aylesford,NA"Cruddas, Jon (Labour)",Dagenham and Rainham,NA"Cryer, John (Labour)",Leyton and Wanstead,NA"Cummins, Judith (Labour)",Bradford South,NA"Cunningham, Alex (Labour)",Stockton North,NA"Cunningham, Mr Jim (Labour)",Coventry South,NA"Dakin, Nic (Labour)",Scunthorpe,NA"Danczuk, Simon (Independent)",Rochdale,NA"David, Wayne (Labour)",Caerphilly,NA"Davies, Byron (Conservative)",Gower,NA"Davies, Chris (Conservative)",Brecon and Radnorshire,NA"Davies, David T. C. (Conservative)",Monmouth,NA"Davies, Geraint (Labour (Co-op))",Swansea West,NA"Davies, Glyn (Conservative)",Montgomeryshire,NA"Davies, Dr James (Conservative)",Vale of Clwyd,NA"Davies, Mims (Conservative)",Eastleigh,NA"Davies, Philip (Conservative)",Shipley,NA"Davis, Mr David (Conservative)",Haltemprice and Howden,NA"Day, Martyn (Scottish National Party)",Linlithgow and East Falkirk,NA"De Piero, Gloria (Labour)",Ashfield,NA"Debbonaire, Thangam (Labour)",Bristol West,NA"Dinenage, Caroline (Conservative)",Gosport,NA"Djanogly, Mr Jonathan (Conservative)",Huntingdon,NA"Docherty-Hughes, Martin (Scottish National Party)",West Dunbartonshire,NA"Dodds, Mr Nigel (Democratic Unionist Party)",Belfast North,NA"Doherty, Mr Pat (Sinn Fein)",West Tyrone,NA"Donaldson, Sir Jeffrey M. (Democratic Unionist Party)",Lagan Valley,NA"Donaldson, Stuart Blair (Scottish National Party)",West Aberdeenshire and Kincardine,NA"Donelan, Michelle (Conservative)",Chippenham,NA"Dorries, Nadine (Conservative)",Mid Bedfordshire,NA"Double, Steve (Conservative)",St Austell and Newquay,NA"Doughty, Stephen (Labour (Co-op))",Cardiff South and Penarth,NA"Dowd, Jim (Labour)",Lewisham West and Penge,NA"Dowd, Peter (Labour)",Bootle,NA"Dowden, Oliver (Conservative)",Hertsmere,NA"Doyle-Price, Jackie (Conservative)",Thurrock,NA"Drax, Richard (Conservative)",South Dorset,NA"Dromey, Jack (Labour)","Birmingham, Erdington",NA"Drummond, Mrs Flick (Conservative)",Portsmouth South,NA"Duddridge, James (Conservative)",Rochford and Southend East,NA"Dugher, Michael (Labour)",Barnsley East,NA"Duncan, Sir Alan (Conservative)",Rutland and Melton,NA"Duncan Smith, Mr Iain (Conservative)",Chingford and Woodford Green,NA"Dunne, Mr Philip (Conservative)",Ludlow,NA"Durkan, Mark (Social Democratic & Labour Party)",Foyle,NA"Eagle, Ms Angela (Labour)",Wallasey,NA"Eagle, Maria (Labour)",Garston and Halewood,NA"Edwards, Jonathan (Plaid Cymru)",Carmarthen East and Dinefwr,NA"Efford, Clive (Labour)",Eltham,NA"Elliott, Julie (Labour)",Sunderland Central,NA"Elliott, Tom (Ulster Unionist Party)",Fermanagh and South Tyrone,NA"Ellis, Michael (Conservative)",Northampton North,NA"Ellison, Jane (Conservative)",Battersea,NA"Ellman, Mrs Louise (Labour (Co-op))","Liverpool, Riverside",NA"Ellwood, Mr Tobias (Conservative)",Bournemouth East,NA"Elmore, Chris (Labour)",Ogmore,NA"Elphicke, Charlie (Conservative)",Dover,NA"Engel, Natascha (Labour)",North East Derbyshire,NA"Esterson, Bill (Labour)",Sefton Central,NA"Eustice, George (Conservative)",Camborne and Redruth,NA"Evans, Chris (Labour (Co-op))",Islwyn,NA"Evans, Graham (Conservative)",Weaver Vale,NA"Evans, Mr Nigel (Conservative)",Ribble Valley,NA"Evennett, David (Conservative)",Bexleyheath and Crayford,NA"Fabricant, Michael (Conservative)",Lichfield,NA"Fallon, Sir Michael (Conservative)",Sevenoaks,NA"Farrelly, Paul (Labour)",Newcastle-under-Lyme,NA"Farron, Tim (Liberal Democrat)",Westmorland and Lonsdale,NA"Fellows, Marion (Scottish National Party)",Motherwell and Wishaw,NA"Fernandes, Suella (Conservative)",Fareham,NA"Ferrier, Margaret (Scottish National Party)",Rutherglen and Hamilton West,NA"Field, Frank (Labour)",Birkenhead,NA"Field, Mark (Conservative)",Cities of London and Westminster,NA"Fitzpatrick, Jim (Labour)",Poplar and Limehouse,NA"Flello, Robert (Labour)",Stoke-on-Trent South,NA"Fletcher, Colleen (Labour)",Coventry North East,NA"Flint, Caroline (Labour)",Don Valley,NA"Flynn, Paul (Labour)",Newport West,NA"Foster, Kevin (Conservative)",Torbay,NA"Fovargue, Yvonne (Labour)",Makerfield,NA"Fox, Dr Liam (Conservative)",North Somerset,NA"Foxcroft, Vicky (Labour)","Lewisham, Deptford",NA"Francois, Mr Mark (Conservative)",Rayleigh and Wickford,NA"Frazer, Lucy (Conservative)",South East Cambridgeshire,NA"Freeman, George (Conservative)",Mid Norfolk,NA"Freer, Mike (Conservative)",Finchley and Golders Green,NA"Fuller, Richard (Conservative)",Bedford,NA"Furniss, Gill (Labour)","Sheffield, Brightside and Hillsborough",NA"Fysh, Marcus (Conservative)",Yeovil,NA"Gale, Sir Roger (Conservative)",North Thanet,NA"Gapes, Mike (Labour (Co-op))",Ilford South,NA"Gardiner, Barry (Labour)",Brent North,NA"Garnier, Sir Edward (Conservative)",Harborough,NA"Garnier, Mark (Conservative)",Wyre Forest,NA"Gauke, Mr David (Conservative)",South West Hertfordshire,NA"Gethins, Stephen (Scottish National Party)",North East Fife,NA"Ghani, Nusrat (Conservative)",Wealden,NA"Gibb, Nick (Conservative)",Bognor Regis and Littlehampton,NA"Gibson, Patricia (Scottish National Party)",North Ayrshire and Arran,NA"Gillan, Mrs Cheryl (Conservative)",Chesham and Amersham,NA"Glass, Pat (Labour)",North West Durham,NA"Glen, John (Conservative)",Salisbury,NA"Glindon, Mary (Labour)",North Tyneside,NA"Godsiff, Mr Roger (Labour)","Birmingham, Hall Green",NA"Goodman, Helen (Labour)",Bishop Auckland,NA"Goodwill, Mr Robert (Conservative)",Scarborough and Whitby,NA"Gove, Michael (Conservative)",Surrey Heath,NA"Grady, Patrick (Scottish National Party)",Glasgow North,NA"Graham, Richard (Conservative)",Gloucester,NA"Grant, Mrs Helen (Conservative)",Maidstone and The Weald,NA"Grant, Peter (Scottish National Party)",Glenrothes,NA"Gray, James (Conservative)",North Wiltshire,NA"Gray, Neil (Scottish National Party)",Airdrie and Shotts,NA"Grayling, Chris (Conservative)",Epsom and Ewell,NA"Green, Chris (Conservative)",Bolton West,NA"Green, Damian (Conservative)",Ashford,NA"Green, Kate (Labour)",Stretford and Urmston,NA"Greening, Justine (Conservative)",Putney,NA"Greenwood, Lilian (Labour)",Nottingham South,NA"Greenwood, Margaret (Labour)",Wirral West,NA"Grieve, Mr Dominic (Conservative)",Beaconsfield,NA"Griffith, Nia (Labour)",Llanelli,NA"Griffiths, Andrew (Conservative)",Burton,NA"Gummer, Ben (Conservative)",Ipswich,NA"Gwynne, Andrew (Labour)",Denton and Reddish,NA"Gyimah, Mr Sam (Conservative)",East Surrey,NA"Haigh, Louise (Labour)","Sheffield, Heeley",NA"Halfon, Robert (Conservative)",Harlow,NA"Hall, Luke (Conservative)",Thornbury and Yate,NA"Hamilton, Fabian (Labour)",Leeds North East,NA"Hammond, Mr Philip (Conservative)",Runnymede and Weybridge,NA"Hammond, Stephen (Conservative)",Wimbledon,NA"Hancock, Matt (Conservative)",West Suffolk,NA"Hands, Greg (Conservative)",Chelsea and Fulham,NA"Hanson, Mr David (Labour)",Delyn,NA"Harman, Ms Harriet (Labour)",Camberwell and Peckham,NA"Harper, Mr Mark (Conservative)",Forest of Dean,NA"Harrington, Richard (Conservative)",Watford,NA"Harris, Carolyn (Labour)",Swansea East,NA"Harris, Rebecca (Conservative)",Castle Point,NA"Harrison, Trudy (Conservative)",Copeland,NA"Hart, Simon (Conservative)",Carmarthen West and South Pembrokeshire,NA"Haselhurst, Sir Alan (Conservative)",Saffron Walden,NA"Hayes, Helen (Labour)",Dulwich and West Norwood,NA"Hayes, Mr John (Conservative)",South Holland and The Deepings,NA"Hayman, Sue (Labour)",Workington,NA"Heald, Sir Oliver (Conservative)",North East Hertfordshire,NA"Healey, John (Labour)",Wentworth and Dearne,NA"Heappey, James (Conservative)",Wells,NA"Heaton-Harris, Chris (Conservative)",Daventry,NA"Heaton-Jones, Peter (Conservative)",North Devon,NA"Henderson, Gordon (Conservative)",Sittingbourne and Sheppey,NA"Hendrick, Mr Mark (Labour (Co-op))",Preston,NA"Hendry, Drew (Scottish National Party)","Inverness, Nairn, Badenoch and Strathspey",NA"Hepburn, Mr Stephen (Labour)",Jarrow,NA"Herbert, Nick (Conservative)",Arundel and South Downs,NA"Hermon, Lady (Independent)",North Down,NA"Hillier, Meg (Labour (Co-op))",Hackney South and Shoreditch,NA"Hinds, Damian (Conservative)",East Hampshire,NA"Hoare, Simon (Conservative)",North Dorset,NA"Hodge, Dame Margaret (Labour)",Barking,NA"Hodgson, Mrs Sharon (Labour)",Washington and Sunderland West,NA"Hoey, Kate (Labour)",Vauxhall,NA"Hollern, Kate (Labour)",Blackburn,NA"Hollingbery, George (Conservative)",Meon Valley,NA"Hollinrake, Kevin (Conservative)",Thirsk and Malton,NA"Hollobone, Mr Philip (Conservative)",Kettering,NA"Holloway, Adam (Conservative)",Gravesham,NA"Hopkins, Kelvin (Labour)",Luton North,NA"Hopkins, Kris (Conservative)",Keighley,NA"Hosie, Stewart (Scottish National Party)",Dundee East,NA"Howarth, Mr George (Labour)",Knowsley,NA"Howarth, Sir Gerald (Conservative)",Aldershot,NA"Howell, John (Conservative)",Henley,NA"Howlett, Ben (Conservative)",Bath,NA"Hoyle, Mr Lindsay (Labour)",Chorley,NA"Huddleston, Nigel (Conservative)",Mid Worcestershire,NA"Hunt, Mr Jeremy (Conservative)",South West Surrey,NA"Huq, Dr Rupa (Labour)",Ealing Central and Acton,NA"Hurd, Mr Nick (Conservative)","Ruislip, Northwood and Pinner",NA"Hussain, Imran (Labour)",Bradford East,NA"Jackson, Mr Stewart (Conservative)",Peterborough,NA"James, Margot (Conservative)",Stourbridge,NA"Jarvis, Dan (Labour)",Barnsley Central,NA"Javid, Sajid (Conservative)",Bromsgrove,NA"Jayawardena, Mr Ranil (Conservative)",North East Hampshire,NA"Jenkin, Mr Bernard (Conservative)",Harwich and North Essex,NA"Jenkyns, Andrea (Conservative)",Morley and Outwood,NA"Jenrick, Robert (Conservative)",Newark,NA"Johnson, Alan (Labour)",Kingston upon Hull West and Hessle,NA"Johnson, Boris (Conservative)",Uxbridge and South Ruislip,NA"Johnson, Dr Caroline (Conservative)",Sleaford and North Hykeham,NA"Johnson, Diana (Labour)",Kingston upon Hull North,NA"Johnson, Gareth (Conservative)",Dartford,NA"Johnson, Joseph (Conservative)",Orpington,NA"Jones, Andrew (Conservative)",Harrogate and Knaresborough,NA"Jones, Mr David (Conservative)",Clwyd West,NA"Jones, Gerald (Labour)",Merthyr Tydfil and Rhymney,NA"Jones, Graham (Labour)",Hyndburn,NA"Jones, Helen (Labour)",Warrington North,NA"Jones, Mr Kevan (Labour)",North Durham,NA"Jones, Mr Marcus (Conservative)",Nuneaton,NA"Jones, Susan Elan (Labour)",Clwyd South,NA"Kane, Mike (Labour)",Wythenshawe and Sale East,NA"Kawczynski, Daniel (Conservative)",Shrewsbury and Atcham,NA"Keeley, Barbara (Labour)",Worsley and Eccles South,NA"Kendall, Liz (Labour)",Leicester West,NA"Kennedy, Seema (Conservative)",South Ribble,NA"Kerevan, George (Scottish National Party)",East Lothian,NA"Kerr, Calum (Scottish National Party)","Berwickshire, Roxburgh and Selkirk",NA"Kinahan, Danny (Ulster Unionist Party)",South Antrim,NA"Kinnock, Stephen (Labour)",Aberavon,NA"Kirby, Simon (Conservative)","Brighton, Kemptown",NA"Knight, Sir Greg (Conservative)",East Yorkshire,NA"Knight, Julian (Conservative)",Solihull,NA"Kwarteng, Kwasi (Conservative)",Spelthorne,NA"Kyle, Peter (Labour)",Hove,NA"Laing, Mrs Eleanor (Conservative)",Epping Forest,NA"Lamb, Norman (Liberal Democrat)",North Norfolk,NA"Lammy, Mr David (Labour)",Tottenham,NA"Lancaster, Mark (Conservative)",Milton Keynes North,NA"Latham, Pauline (Conservative)",Mid Derbyshire,NA"Lavery, Ian (Labour)",Wansbeck,NA"Law, Chris (Scottish National Party)",Dundee West,NA"Leadsom, Andrea (Conservative)",South Northamptonshire,NA"Lee, Dr Phillip (Conservative)",Bracknell,NA"Lefroy, Jeremy (Conservative)",Stafford,NA"Leigh, Sir Edward (Conservative)",Gainsborough,NA"Leslie, Charlotte (Conservative)",Bristol North West,NA"Leslie, Chris (Labour (Co-op))",Nottingham East,NA"Letwin, Sir Oliver (Conservative)",West Dorset,NA"Lewell-Buck, Mrs Emma (Labour)",South Shields,NA"Lewis, Brandon (Conservative)",Great Yarmouth,NA"Lewis, Clive (Labour)",Norwich South,NA"Lewis, Mr Ivan (Labour)",Bury South,NA"Lewis, Dr Julian (Conservative)",New Forest East,NA"Liddell-Grainger, Mr Ian (Conservative)",Bridgwater and West Somerset,NA"Lidington, Mr David (Conservative)",Aylesbury,NA"Lilley, Mr Peter (Conservative)",Hitchin and Harpenden,NA"Long Bailey, Rebecca (Labour)",Salford and Eccles,NA"Lopresti, Jack (Conservative)",Filton and Bradley Stoke,NA"Lord, Mr Jonathan (Conservative)",Woking,NA"Loughton, Tim (Conservative)",East Worthing and Shoreham,NA"Lucas, Caroline (Green Party)","Brighton, Pavilion",NA"Lucas, Ian C. (Labour)",Wrexham,NA"Lumley, Karen (Conservative)",Redditch,NA"Lynch, Holly (Labour)",Halifax,NA"Mc Nally, John (Scottish National Party)",Falkirk,NA"McCabe, Steve (Labour)","Birmingham, Selly Oak",NA"McCaig, Callum (Scottish National Party)",Aberdeen South,NA"McCarthy, Kerry (Labour)",Bristol East,NA"McCartney, Jason (Conservative)",Colne Valley,NA"McCartney, Karl (Conservative)",Lincoln,NA"McDonagh, Siobhain (Labour)",Mitcham and Morden,NA"McDonald, Andy (Labour)",Middlesbrough,NA"McDonald, Stewart Malcolm (Scottish National Party)",Glasgow South,NA"McDonald, Stuart C. (Scottish National Party)","Cumbernauld, Kilsyth and Kirkintilloch East",NA"McDonnell, Dr Alasdair (Social Democratic & Labour Party)",Belfast South,NA"McDonnell, John (Labour)",Hayes and Harlington,NA"McFadden, Mr Pat (Labour)",Wolverhampton South East,NA"McGarry, Natalie (Independent)",Glasgow East,NA"McGinn, Conor (Labour)",St Helens North,NA"McGovern, Alison (Labour)",Wirral South,NA"McInnes, Liz (Labour)",Heywood and Middleton,NA"Mackinlay, Craig (Conservative)",South Thanet,NA"McKinnell, Catherine (Labour)",Newcastle upon Tyne North,NA"Mackintosh, David (Conservative)",Northampton South,NA"McLaughlin, Anne (Scottish National Party)",Glasgow North East,NA"McLoughlin, Sir Patrick (Conservative)",Derbyshire Dales,NA"McMahon, Jim (Labour (Co-op))",Oldham West and Royton,NA"MacNeil, Angus Brendan (Scottish National Party)",Na h-Eileanan an Iar,NA"McPartland, Stephen (Conservative)",Stevenage,NA"Mactaggart, Fiona (Labour)",Slough,NA"Madders, Justin (Labour)",Ellesmere Port and Neston,NA"Mahmood, Mr Khalid (Labour)","Birmingham, Perry Barr",NA"Mahmood, Shabana (Labour)","Birmingham, Ladywood",NA"Main, Mrs Anne (Conservative)",St Albans,NA"Mak, Mr Alan (Conservative)",Havant,NA"Malhotra, Seema (Labour (Co-op))",Feltham and Heston,NA"Malthouse, Kit (Conservative)",North West Hampshire,NA"Mann, John (Labour)",Bassetlaw,NA"Mann, Scott (Conservative)",North Cornwall,NA"Marris, Rob (Labour)",Wolverhampton South West,NA"Marsden, Gordon (Labour)",Blackpool South,NA"Maskell, Rachael (Labour (Co-op))",York Central,NA"Maskey, Paul (Sinn Fein)",Belfast West,NA"Matheson, Christian (Labour)",City of Chester,NA"Mathias, Dr Tania (Conservative)",Twickenham,NA"May, Mrs Theresa (Conservative)",Maidenhead,NA"Maynard, Paul (Conservative)",Blackpool North and Cleveleys,NA"Meale, Sir Alan (Labour)",Mansfield,NA"Mearns, Ian (Labour)",Gateshead,NA"Menzies, Mark (Conservative)",Fylde,NA"Mercer, Johnny (Conservative)","Plymouth, Moor View",NA"Merriman, Huw (Conservative)",Bexhill and Battle,NA"Metcalfe, Stephen (Conservative)",South Basildon and East Thurrock,NA"Miliband, Edward (Labour)",Doncaster North,NA"Miller, Mrs Maria (Conservative)",Basingstoke,NA"Milling, Amanda (Conservative)",Cannock Chase,NA"Mills, Nigel (Conservative)",Amber Valley,NA"Milton, Anne (Conservative)",Guildford,NA"Mitchell, Mr Andrew (Conservative)",Sutton Coldfield,NA"Molloy, Francie (Sinn Fein)",Mid Ulster,NA"Monaghan, Carol (Scottish National Party)",Glasgow North West,NA"Monaghan, Dr Paul (Scottish National Party)","Caithness, Sutherland and Easter Ross",NA"Moon, Mrs Madeleine (Labour)",Bridgend,NA"Mordaunt, Penny (Conservative)",Portsmouth North,NA"Morden, Jessica (Labour)",Newport East,NA"Morgan, Nicky (Conservative)",Loughborough,NA"Morris, Anne Marie (Conservative)",Newton Abbot,NA"Morris, David (Conservative)",Morecambe and Lunesdale,NA"Morris, Grahame (Labour)",Easington,NA"Morris, James (Conservative)",Halesowen and Rowley Regis,NA"Morton, Wendy (Conservative)",Aldridge-Brownhills,NA"Mowat, David (Conservative)",Warrington South,NA"Mulholland, Greg (Liberal Democrat)",Leeds North West,NA"Mullin, Roger (Scottish National Party)",Kirkcaldy and Cowdenbeath,NA"Mundell, David (Conservative)","Dumfriesshire, Clydesdale and Tweeddale",NA"Murray, Ian (Labour)",Edinburgh South,NA"Murray, Mrs Sheryll (Conservative)",South East Cornwall,NA"Murrison, Dr Andrew (Conservative)",South West Wiltshire,NA"Nandy, Lisa (Labour)",Wigan,NA"Neill, Robert (Conservative)",Bromley and Chislehurst,NA"Newlands, Gavin (Scottish National Party)",Paisley and Renfrewshire North,NA"Newton, Sarah (Conservative)",Truro and Falmouth,NA"Nicolson, John (Scottish National Party)",East Dunbartonshire,NA"Nokes, Caroline (Conservative)",Romsey and Southampton North,NA"Norman, Jesse (Conservative)",Hereford and South Herefordshire,NA"Nuttall, Mr David (Conservative)",Bury North,NA"Offord, Dr Matthew (Conservative)",Hendon,NA"O'Hara, Brendan (Scottish National Party)",Argyll and Bute,NA"Olney, Sarah (Liberal Democrat)",Richmond Park,NA"Onn, Melanie (Labour)",Great Grimsby,NA"Onwurah, Chi (Labour)",Newcastle upon Tyne Central,NA"Opperman, Guy (Conservative)",Hexham,NA"Osamor, Kate (Labour (Co-op))",Edmonton,NA"Osborne, Mr George (Conservative)",Tatton,NA"Oswald, Kirsten (Scottish National Party)",East Renfrewshire,NA"Owen, Albert (Labour)",Ynys M™n,NA"Paisley, Ian (Democratic Unionist Party)",North Antrim,NA"Parish, Neil (Conservative)",Tiverton and Honiton,NA"Patel, Priti (Conservative)",Witham,NA"Paterson, Mr Owen (Conservative)",North Shropshire,NA"Paterson, Steven (Scottish National Party)",Stirling,NA"Pawsey, Mark (Conservative)",Rugby,NA"Pearce, Teresa (Labour)",Erith and Thamesmead,NA"Penning, Mike (Conservative)",Hemel Hempstead,NA"Pennycook, Matthew (Labour)",Greenwich and Woolwich,NA"Penrose, John (Conservative)",Weston-super-Mare,NA"Percy, Andrew (Conservative)",Brigg and Goole,NA"Perkins, Toby (Labour)",Chesterfield,NA"Perry, Claire (Conservative)",Devizes,NA"Phillips, Jess (Labour)","Birmingham, Yardley",NA"Phillipson, Bridget (Labour)",Houghton and Sunderland South,NA"Philp, Chris (Conservative)",Croydon South,NA"Pickles, Sir Eric (Conservative)",Brentwood and Ongar,NA"Pincher, Christopher (Conservative)",Tamworth,NA"Poulter, Dr Dan (Conservative)",Central Suffolk and North Ipswich,NA"Pound, Stephen (Labour)",Ealing North,NA"Pow, Rebecca (Conservative)",Taunton Deane,NA"Powell, Lucy (Labour (Co-op))",Manchester Central,NA"Prentis, Victoria (Conservative)",Banbury,NA"Prisk, Mr Mark (Conservative)",Hertford and Stortford,NA"Pritchard, Mark (Conservative)",The Wrekin,NA"Pugh, John (Liberal Democrat)",Southport,NA"Pursglove, Tom (Conservative)",Corby,NA"Quin, Jeremy (Conservative)",Horsham,NA"Quince, Will (Conservative)",Colchester,NA"Qureshi, Yasmin (Labour)",Bolton South East,NA"Raab, Dominic (Conservative)",Esher and Walton,NA"Rayner, Angela (Labour)",Ashton-under-Lyne,NA"Redwood, John (Conservative)",Wokingham,NA"Reed, Mr Steve (Labour (Co-op))",Croydon North,NA"Rees, Christina (Labour (Co-op))",Neath,NA"Rees-Mogg, Mr Jacob (Conservative)",North East Somerset,NA"Reeves, Rachel (Labour)",Leeds West,NA"Reynolds, Emma (Labour)",Wolverhampton North East,NA"Reynolds, Jonathan (Labour (Co-op))",Stalybridge and Hyde,NA"Rimmer, Ms Marie (Labour)",St Helens South and Whiston,NA"Ritchie, Ms Margaret (Social Democratic & Labour Party)",South Down,NA"Robertson, Angus (Scottish National Party)",Moray,NA"Robertson, Mr Laurence (Conservative)",Tewkesbury,NA"Robinson, Gavin (Democratic Unionist Party)",Belfast East,NA"Robinson, Mr Geoffrey (Labour)",Coventry North West,NA"Robinson, Mary (Conservative)",Cheadle,NA"Rosindell, Andrew (Conservative)",Romford,NA"Rotheram, Steve (Labour)","Liverpool, Walton",NA"Rudd, Amber (Conservative)",Hastings and Rye,NA"Rutley, David (Conservative)",Macclesfield,NA"Ryan, Joan (Labour)",Enfield North,NA"Salmond, Alex (Scottish National Party)",Gordon,NA"Sandbach, Antoinette (Conservative)",Eddisbury,NA"Saville Roberts, Liz (Plaid Cymru)",Dwyfor Meirionnydd,NA"Scully, Paul (Conservative)",Sutton and Cheam,NA"Selous, Andrew (Conservative)",South West Bedfordshire,NA"Shah, Naz (Labour)",Bradford West,NA"Shannon, Jim (Democratic Unionist Party)",Strangford,NA"Shapps, Grant (Conservative)",Welwyn Hatfield,NA"Sharma, Alok (Conservative)",Reading West,NA"Sharma, Mr Virendra (Labour)","Ealing, Southall",NA"Sheerman, Mr Barry (Labour (Co-op))",Huddersfield,NA"Shelbrooke, Alec (Conservative)",Elmet and Rothwell,NA"Sheppard, Tommy (Scottish National Party)",Edinburgh East,NA"Sherriff, Paula (Labour)",Dewsbury,NA"Shuker, Mr Gavin (Labour (Co-op))",Luton South,NA"Siddiq, Tulip (Labour)",Hampstead and Kilburn,NA"Simpson, David (Democratic Unionist Party)",Upper Bann,NA"Simpson, Mr Keith (Conservative)",Broadland,NA"Skidmore, Chris (Conservative)",Kingswood,NA"Skinner, Mr Dennis (Labour)",Bolsover,NA"Slaughter, Andy (Labour)",Hammersmith,NA"Smeeth, Ruth (Labour)",Stoke-on-Trent North,NA"Smith, Mr Andrew (Labour)",Oxford East,NA"Smith, Angela (Labour)",Penistone and Stocksbridge,NA"Smith, Cat (Labour)",Lancaster and Fleetwood,NA"Smith, Chloe (Conservative)",Norwich North,NA"Smith, Henry (Conservative)",Crawley,NA"Smith, Jeff (Labour)","Manchester, Withington",NA"Smith, Julian (Conservative)",Skipton and Ripon,NA"Smith, Nick (Labour)",Blaenau Gwent,NA"Smith, Owen (Labour)",Pontypridd,NA"Smith, Royston (Conservative)","Southampton, Itchen",NA"Smyth, Karin (Labour)",Bristol South,NA"Snell, Gareth (Labour (Co-op))",Stoke-on-Trent Central,NA"Soames, Sir Nicholas (Conservative)",Mid Sussex,NA"Solloway, Amanda (Conservative)",Derby North,NA"Soubry, Anna (Conservative)",Broxtowe,NA"Spellar, John (Labour)",Warley,NA"Spelman, Dame Caroline (Conservative)",Meriden,NA"Spencer, Mark (Conservative)",Sherwood,NA"Starmer, Keir (Labour)",Holborn and St Pancras,NA"Stephens, Chris (Scottish National Party)",Glasgow South West,NA"Stephenson, Andrew (Conservative)",Pendle,NA"Stevens, Jo (Labour)",Cardiff Central,NA"Stevenson, John (Conservative)",Carlisle,NA"Stewart, Bob (Conservative)",Beckenham,NA"Stewart, Iain (Conservative)",Milton Keynes South,NA"Stewart, Rory (Conservative)",Penrith and The Border,NA"Streeter, Mr Gary (Conservative)",South West Devon,NA"Streeting, Wes (Labour)",Ilford North,NA"Stride, Mel (Conservative)",Central Devon,NA"Stringer, Graham (Labour)",Blackley and Broughton,NA"Stuart, Ms Gisela (Labour)","Birmingham, Edgbaston",NA"Stuart, Graham (Conservative)",Beverley and Holderness,NA"Sturdy, Julian (Conservative)",York Outer,NA"Sunak, Rishi (Conservative)",Richmond (Yorks),NA"Swayne, Sir Desmond (Conservative)",New Forest West,NA"Swire, Sir Hugo (Conservative)",East Devon,NA"Syms, Mr Robert (Conservative)",Poole,NA"Tami, Mark (Labour)",Alyn and Deeside,NA"Thewliss, Alison (Scottish National Party)",Glasgow Central,NA"Thomas, Derek (Conservative)",St Ives,NA"Thomas, Gareth (Labour (Co-op))",Harrow West,NA"Thomas-Symonds, Nick (Labour)",Torfaen,NA"Thompson, Owen (Scottish National Party)",Midlothian,NA"Thomson, Michelle (Independent)",Edinburgh West,NA"Thornberry, Emily (Labour)",Islington South and Finsbury,NA"Throup, Maggie (Conservative)",Erewash,NA"Timms, Stephen (Labour)",East Ham,NA"Timpson, Edward (Conservative)",Crewe and Nantwich,NA"Tolhurst, Kelly (Conservative)",Rochester and Strood,NA"Tomlinson, Justin (Conservative)",North Swindon,NA"Tomlinson, Michael (Conservative)",Mid Dorset and North Poole,NA"Tracey, Craig (Conservative)",North Warwickshire,NA"Tredinnick, David (Conservative)",Bosworth,NA"Trevelyan, Mrs Anne-Marie (Conservative)",Berwick-upon-Tweed,NA"Trickett, Jon (Labour)",Hemsworth,NA"Truss, Elizabeth (Conservative)",South West Norfolk,NA"Tugendhat, Tom (Conservative)",Tonbridge and Malling,NA"Turley, Anna (Labour (Co-op))",Redcar,NA"Turner, Mr Andrew (Conservative)",Isle of Wight,NA"Turner, Karl (Labour)",Kingston upon Hull East,NA"Twigg, Derek (Labour)",Halton,NA"Twigg, Stephen (Labour (Co-op))","Liverpool, West Derby",NA"Tyrie, Mr Andrew (Conservative)",Chichester,NA"Umunna, Mr Chuka (Labour)",Streatham,NA"Vaizey, Mr Edward (Conservative)",Wantage,NA"Vara, Mr Shailesh (Conservative)",North West Cambridgeshire,NA"Vaz, Keith (Labour)",Leicester East,NA"Vaz, Valerie (Labour)",Walsall South,NA"Vickers, Martin (Conservative)",Cleethorpes,NA"Villiers, Mrs Theresa (Conservative)",Chipping Barnet,NA"Walker, Mr Charles (Conservative)",Broxbourne,NA"Walker, Mr Robin (Conservative)",Worcester,NA"Wallace, Mr Ben (Conservative)",Wyre and Preston North,NA"Warburton, David (Conservative)",Somerton and Frome,NA"Warman, Matt (Conservative)",Boston and Skegness,NA"Watkinson, Dame Angela (Conservative)",Hornchurch and Upminster,NA"Watson, Tom (Labour)",West Bromwich East,NA"Weir, Mike (Scottish National Party)",Angus,NA"West, Catherine (Labour)",Hornsey and Wood Green,NA"Wharton, James (Conservative)",Stockton South,NA"Whately, Helen (Conservative)",Faversham and Mid Kent,NA"Wheeler, Heather (Conservative)",South Derbyshire,NA"White, Chris (Conservative)",Warwick and Leamington,NA"Whiteford, Dr Eilidh (Scottish National Party)",Banff and Buchan,NA"Whitehead, Dr Alan (Labour)","Southampton, Test",NA"Whitford, Dr Philippa (Scottish National Party)",Central Ayrshire,NA"Whittaker, Craig (Conservative)",Calder Valley,NA"Whittingdale, Mr John (Conservative)",Maldon,NA"Wiggin, Bill (Conservative)",North Herefordshire,NA"Williams, Craig (Conservative)",Cardiff North,NA"Williams, Hywel (Plaid Cymru)",Arfon,NA"Williams, Mr Mark (Liberal Democrat)",Ceredigion,NA"Williamson, Gavin (Conservative)",South Staffordshire,NA"Wilson, Corri (Scottish National Party)","Ayr, Carrick and Cumnock",NA"Wilson, Phil (Labour)",Sedgefield,NA"Wilson, Mr Rob (Conservative)",Reading East,NA"Wilson, Sammy (Democratic Unionist Party)",East Antrim,NA"Winnick, Mr David (Labour)",Walsall North,NA"Winterton, Dame Rosie (Labour)",Doncaster Central,NA"Wishart, Pete (Scottish National Party)",Perth and North Perthshire,NA"Wollaston, Dr Sarah (Conservative)",Totnes,NA"Wood, Mike (Conservative)",Dudley South,NA"Woodcock, John (Labour (Co-op))",Barrow and Furness,NA"Wragg, William (Conservative)",Hazel Grove,NA"Wright, Mr Iain (Labour)",Hartlepool,NA"Wright, Jeremy (Conservative)",Kenilworth and Southam,NA"Zahawi, Nadhim (Conservative)",Stratford-on-Avon,NA"Zeichner, Daniel (Labour)",Cambridge,NA